reclat,reclon
42.95335256229141,-78.81830111930414
42.95335256229141,-78.81830111930414
