reclat,reclon
43.0026181,-78.7811108
43.0026181,-78.7811108
