reclat,reclon
42.95254616664242,-78.81827920483384
42.95254616664242,-78.81827920483384
