reclat,reclon
42.95353121747414,-78.81720641782852
42.95353121747414,-78.81720641782852
