reclat,reclon
42.95286157969157,-78.82084838173515
42.95286157969157,-78.82084838173515
