reclat,reclon
42.958363,-78.822714
42.958363,-78.822714
