reclat,reclon
43.00162383193572,-78.78488395695156
43.00162383193572,-78.78488395695156
