reclat,reclon
42.9541058,-78.822586
42.9541058,-78.822586
